Id,Pawpularity
4128bae22183829d2b5fea10effdb0c3,37.24093
43a2262d7738e3d420d453815151079e,37.54967
4e429cead1848a298432a0acad014c9d,37.808235
80bc3ccafcc51b66303c2c263aa38486,37.142014
8f49844c382931444e68dffbe20228f4,38.097736
b03f7041962238a7c9d6537e22f9b017,37.510044
c978013571258ed6d4637f6e8cc9d6a3,37.887524
e0de453c1bffc20c22b072b34b54e50f,37.140045
